BEGIN
    DELETE FROM NAVIGATION_PREREQUISITES;
    DELETE FROM NAVIGATION_ASSIGNED_ROLES;
    DELETE FROM NAVIGATION_TRACKING;
    DELETE FROM NAVIGATION;
--Main menu
    INSERT INTO NAVIGATION(ID,PARENT_ID, TITLE, SUB_TITLE, URL, STATUS_ID, ORDER_NUMBER, ICON, DISABLED, IS_NAVIGABLE)
    VALUES(50,null, 'INQUIRIES', '','', 1, 1, '', 0, 1);
--Sub values for INQUIRIES
    INSERT INTO NAVIGATION(ID,PARENT_ID, TITLE, SUB_TITLE, URL, STATUS_ID, ORDER_NUMBER, ICON, DISABLED, IS_NAVIGABLE)
    VALUES(51,50, 'MASTER INQUIRY', '','master-inquiry', 1, 1, '', 0, 1);
--Main menu
    INSERT INTO NAVIGATION(ID,PARENT_ID, TITLE, SUB_TITLE, URL, STATUS_ID, ORDER_NUMBER, ICON, DISABLED, IS_NAVIGABLE)
    VALUES(52,null, 'BENEFICIARIES', '','', 1, 2, '', 1, 1);
    INSERT INTO NAVIGATION(ID,PARENT_ID, TITLE, SUB_TITLE, URL, STATUS_ID, ORDER_NUMBER, ICON, DISABLED, IS_NAVIGABLE)
    VALUES(53,null, 'DISTRIBUTIONS', '','', 1, 3, '', 1, 1);
    INSERT INTO NAVIGATION(ID,PARENT_ID, TITLE, SUB_TITLE, URL, STATUS_ID, ORDER_NUMBER, ICON, DISABLED, IS_NAVIGABLE)
    VALUES(54,null, 'RECONCILIATION', '','', 1, 4, '', 1, 1);
    INSERT INTO NAVIGATION(ID,PARENT_ID, TITLE, SUB_TITLE, URL, STATUS_ID, ORDER_NUMBER, ICON, DISABLED, IS_NAVIGABLE)
    VALUES(55,null, 'YEAR END', '','', 1, 5, '', 0, 1);
    INSERT INTO NAVIGATION(ID,PARENT_ID, TITLE, SUB_TITLE, URL, STATUS_ID, ORDER_NUMBER, ICON, DISABLED, IS_NAVIGABLE)
    VALUES(56,null, 'IT DEVOPS', '','', 1, 6, '', 0, 1);

--It Operations
    INSERT INTO NAVIGATION(ID,PARENT_ID, TITLE, SUB_TITLE, URL, STATUS_ID, ORDER_NUMBER, ICON, DISABLED, IS_NAVIGABLE)
    VALUES(57,56, 'Demographic Freeze', '','demographic-freeze', 1, 1, '', 0, 1);

--December Activities
    INSERT INTO NAVIGATION(ID,PARENT_ID, TITLE, SUB_TITLE, URL, STATUS_ID, ORDER_NUMBER, ICON, DISABLED, IS_NAVIGABLE)
    VALUES(1,55, 'December Activities', '','december-process-accordion', 1, 1, '', 0, 1);
    INSERT INTO NAVIGATION(ID,PARENT_ID, TITLE, SUB_TITLE, URL, STATUS_ID, ORDER_NUMBER, ICON, DISABLED, IS_NAVIGABLE)
    VALUES(2,1, 'Clean up Reports', '','', 1, 1, '', 0, 1);
--sub values for Clean up Reports
    INSERT INTO NAVIGATION(ID,PARENT_ID, TITLE, SUB_TITLE, URL, STATUS_ID, ORDER_NUMBER, ICON, DISABLED, IS_NAVIGABLE)
    VALUES(3,2, 'Demographic Badges Not In PayProfit', '','demographic-badges-not-in-payprofit', 1, 1, '', 0, 1);
    INSERT INTO NAVIGATION(ID,PARENT_ID, TITLE, SUB_TITLE, URL, STATUS_ID, ORDER_NUMBER, ICON, DISABLED, IS_NAVIGABLE)
    VALUES(4,2, 'Duplicate SSNs in Demographics', '','duplicate-ssns-demographics', 1, 2, '', 0, 1);
    INSERT INTO NAVIGATION(ID,PARENT_ID, TITLE, SUB_TITLE, URL, STATUS_ID, ORDER_NUMBER, ICON, DISABLED, IS_NAVIGABLE)
    VALUES(5,2, 'Negative ETVA', '','negative-etva-for-ssns-on-payprofit', 1, 3, '', 0, 1);
    INSERT INTO NAVIGATION(ID,PARENT_ID, TITLE, SUB_TITLE, URL, STATUS_ID, ORDER_NUMBER, ICON, DISABLED, IS_NAVIGABLE)
    VALUES(6,2, 'Duplicate Names and Birthdays', '','duplicate-names-and-birthdays', 1, 4, '', 0, 1);
--sub values for December Activities
    INSERT INTO NAVIGATION(ID,PARENT_ID, TITLE, SUB_TITLE, URL, STATUS_ID, ORDER_NUMBER, ICON, DISABLED, IS_NAVIGABLE)
    VALUES(7,1, 'Military Contributions', '008-13','military-contribution', 1, 3, '', 0, 1);

    INSERT INTO NAVIGATION(ID,PARENT_ID, TITLE, SUB_TITLE, URL, STATUS_ID, ORDER_NUMBER, ICON, DISABLED, IS_NAVIGABLE)
    VALUES(8,1, 'Unforfeit', 'QPREV-PROF','unforfeitures', 1, 2, '', 0, 1);

    INSERT INTO NAVIGATION(ID,PARENT_ID, TITLE, SUB_TITLE, URL, STATUS_ID, ORDER_NUMBER, ICON, DISABLED, IS_NAVIGABLE)
    VALUES(9,1, 'Terminations', 'QPAY066','prof-term', 1, 4, '', 0, 1);

    INSERT INTO NAVIGATION(ID,PARENT_ID, TITLE, SUB_TITLE, URL, STATUS_ID, ORDER_NUMBER, ICON, DISABLED, IS_NAVIGABLE)
    VALUES(10,1, 'Forfeitures', '008-12','forfeitures-adjustment', 1, 5, '', 0, 1);

    INSERT INTO NAVIGATION(ID,PARENT_ID, TITLE, SUB_TITLE, URL, STATUS_ID, ORDER_NUMBER, ICON, DISABLED, IS_NAVIGABLE)
    VALUES(11,1, 'Distributions and Forfeitures', 'QPAY129','distributions-and-forfeitures', 1, 6, '', 0, 1);

-- Employees On Military Leave (removed)


    INSERT INTO NAVIGATION(ID,PARENT_ID, TITLE, SUB_TITLE, URL, STATUS_ID, ORDER_NUMBER, ICON, DISABLED, IS_NAVIGABLE)
    VALUES(13,1, 'Profit Share Report', 'PAY426','profit-share-report', 1, 9, '', 0, 1);
-- Profit Share Totals (Year End)
    INSERT INTO NAVIGATION(ID,PARENT_ID, TITLE, SUB_TITLE, URL, STATUS_ID, ORDER_NUMBER, ICON, DISABLED, IS_NAVIGABLE)
    VALUES(14,55, 'Fiscal Close', '','fiscal-close', 1, 2, '', 0, 1);

-- Fiscal Close menu items updated according to ticket requirements
    INSERT INTO NAVIGATION(ID,PARENT_ID, TITLE, SUB_TITLE, URL, STATUS_ID, ORDER_NUMBER, ICON, DISABLED, IS_NAVIGABLE)
    VALUES(15,14, 'Manage Executive Hours', 'PROF-DOLLAR-EXEC-EXTRACT, TPR008-09','manage-executive-hours-and-dollars', 1, 1, '', 0, 1);

    INSERT INTO NAVIGATION(ID,PARENT_ID, TITLE, SUB_TITLE, URL, STATUS_ID, ORDER_NUMBER, ICON, DISABLED, IS_NAVIGABLE)
    VALUES(16,14, 'YTD Wages Extract', 'PROF-DOLLAR-EXTRACT','ytd-wages-extract', 1, 2, '', 0, 1);

    INSERT INTO NAVIGATION(ID,PARENT_ID, TITLE, SUB_TITLE, URL, STATUS_ID, ORDER_NUMBER, ICON, DISABLED, IS_NAVIGABLE)
    VALUES(18,14, 'Profit Share Report (Edit Run)', 'PAY426','profit-share-report-edit-run', 1, 3, '', 0, 1);

-- Dev-only: PAY426N entries (not assigned to roles in SQL)
    INSERT INTO NAVIGATION(ID,PARENT_ID, TITLE, SUB_TITLE, URL, STATUS_ID, ORDER_NUMBER, ICON, DISABLED, IS_NAVIGABLE)
    VALUES(74,14, 'PAY426N', '','pay426n', 1, 99, '', 1, 1);

    INSERT INTO NAVIGATION(ID,PARENT_ID, TITLE, SUB_TITLE, URL, STATUS_ID, ORDER_NUMBER, ICON, DISABLED, IS_NAVIGABLE)
    VALUES(77,14, 'PAY426-2', '','pay426-2', 1, 2, '', 0, 0);

    INSERT INTO NAVIGATION(ID,PARENT_ID, TITLE, SUB_TITLE, URL, STATUS_ID, ORDER_NUMBER, ICON, DISABLED, IS_NAVIGABLE)
    VALUES(78,14, 'PAY426-3', '','pay426-3', 1, 2, '', 0, 0);
    
-- Profit Summary (PAY426 summary)
    INSERT INTO NAVIGATION(ID,PARENT_ID, TITLE, SUB_TITLE, URL, STATUS_ID, ORDER_NUMBER, ICON, DISABLED, IS_NAVIGABLE)
    VALUES(76,14, 'Profit Summary (PAY426 summary)', '','pay426-9', 1, 2, '', 0, 1);


    INSERT INTO NAVIGATION(ID,PARENT_ID, TITLE, SUB_TITLE, URL, STATUS_ID, ORDER_NUMBER, ICON, DISABLED, IS_NAVIGABLE)
    VALUES(65,14, 'QPAY066* Ad Hoc Reports', 'QPAY066*','qpay066-adhoc', 1, 17, '', 0, 1);

    INSERT INTO NAVIGATION(ID,PARENT_ID, TITLE, SUB_TITLE, URL, STATUS_ID, ORDER_NUMBER, ICON, DISABLED, IS_NAVIGABLE)
    VALUES(66,14, 'Recently Terminated', 'PROF-VESTED|PAY508','recently-terminated', 1, 18, '', 0, 1);

    INSERT INTO NAVIGATION(ID,PARENT_ID, TITLE, SUB_TITLE, URL, STATUS_ID, ORDER_NUMBER, ICON, DISABLED, IS_NAVIGABLE)
    VALUES(69,14, 'Terminated Letters', 'QPROF003-1','terminated-letters', 1, 19, '', 0, 1);

-- Pay Beneficiary Report (Year End / Fiscal Close)
    INSERT INTO NAVIGATION(ID,PARENT_ID, TITLE, SUB_TITLE, URL, STATUS_ID, ORDER_NUMBER, ICON, DISABLED, IS_NAVIGABLE)
    VALUES(67,14, 'Pay Beneficiary Report', '','payben-report', 1, 9, '', 0, 1);

-- Adhoc Beneficiaries Report (Pay Be Next) (Year End / Fiscal Close)
    INSERT INTO NAVIGATION(ID,PARENT_ID, TITLE, SUB_TITLE, URL, STATUS_ID, ORDER_NUMBER, ICON, DISABLED, IS_NAVIGABLE)
    VALUES(68,14, 'Adhoc Beneficiaries Report (Pay Be Next)', '','adhoc-beneficiaries-report', 1, 19, '', 0, 1);

-- QPAY600 (Year End child)
    INSERT INTO NAVIGATION(ID,PARENT_ID, TITLE, SUB_TITLE, URL, STATUS_ID, ORDER_NUMBER, ICON, DISABLED, IS_NAVIGABLE)
    VALUES(73,14, 'QPAY600', '','qpay600', 1, 20, '', 0, 1);

    INSERT INTO NAVIGATION(ID,PARENT_ID, TITLE, SUB_TITLE, URL, STATUS_ID, ORDER_NUMBER, ICON, DISABLED, IS_NAVIGABLE)
    VALUES(30,14, 'Get Eligible Employees', 'GET-ELIGIBLE-EMPS','eligible-employees', 1, 5, '', 0, 1);

    INSERT INTO NAVIGATION(ID,PARENT_ID, TITLE, SUB_TITLE, URL, STATUS_ID, ORDER_NUMBER, ICON, DISABLED, IS_NAVIGABLE)
    VALUES(31,14, 'Profit Share Forfeit', 'PAY443','forfeit', 1, 6, '', 0, 1);

    INSERT INTO NAVIGATION(ID,PARENT_ID, TITLE, SUB_TITLE, URL, STATUS_ID, ORDER_NUMBER, ICON, DISABLED, IS_NAVIGABLE)
    VALUES(60,14, 'Master Update', 'PAY444|PAY447','profit-share-update', 1, 7, '', 0, 1);

    INSERT INTO NAVIGATION(ID,PARENT_ID, TITLE, SUB_TITLE, URL, STATUS_ID, ORDER_NUMBER, ICON, DISABLED, IS_NAVIGABLE)
    VALUES(62,14, 'Profit Master Update', 'PAY460, PROFTLD','profit-master-update', 1, 8, '', 1, 1);

    -- Removed Paymaster Update (ID 33)

    INSERT INTO NAVIGATION(ID,PARENT_ID, TITLE, SUB_TITLE, URL, STATUS_ID, ORDER_NUMBER, ICON, DISABLED, IS_NAVIGABLE)
    VALUES(64,14, 'Prof Control Sheet', 'PROF-CNTRL-SHEET','prof-control-sheet', 1, 11, '', 0, 1);

    INSERT INTO NAVIGATION(ID,PARENT_ID, TITLE, SUB_TITLE, URL, STATUS_ID, ORDER_NUMBER, ICON, DISABLED, IS_NAVIGABLE)
    VALUES(34,14, 'Prof Share Report By Age', 'Prof130','', 1, 12, '', 0, 1);

    INSERT INTO NAVIGATION(ID,PARENT_ID, TITLE, SUB_TITLE, URL, STATUS_ID, ORDER_NUMBER, ICON, DISABLED, IS_NAVIGABLE)
    VALUES(41,14, 'Prof Share Gross Rpt', 'QPAY501','profit-share-gross-report', 1, 13, '', 0, 1);

    INSERT INTO NAVIGATION(ID,PARENT_ID, TITLE, SUB_TITLE, URL, STATUS_ID, ORDER_NUMBER, ICON, DISABLED, IS_NAVIGABLE)
    VALUES(42,14, 'Prof Share by Store', 'QPAY066TA','profit-share-by-store', 1, 14, '', 0, 1);

    INSERT INTO NAVIGATION(ID,PARENT_ID, TITLE, SUB_TITLE, URL, STATUS_ID, ORDER_NUMBER, ICON, DISABLED, IS_NAVIGABLE)
    VALUES(49,14, 'Reprint Certificates / Print Profit Certs', 'PAYCERT','reprint-certificates', 1, 15, '', 0, 1);

    INSERT INTO NAVIGATION(ID,PARENT_ID, TITLE, SUB_TITLE, URL, STATUS_ID, ORDER_NUMBER, ICON, DISABLED, IS_NAVIGABLE)
    VALUES(63,14, 'Save Prof Paymstr', '','save-prof-paymstr', 1, 16, '', 0, 1);

--sub values for Report by Age - updated per requirements
    INSERT INTO NAVIGATION(ID,PARENT_ID, TITLE, SUB_TITLE, URL, STATUS_ID, ORDER_NUMBER, ICON, DISABLED, IS_NAVIGABLE)
    VALUES(36,34, 'DISTRIBUTIONS BY AGE', 'PROF130','distributions-by-age', 1, 1, '', 0, 1);

    INSERT INTO NAVIGATION(ID,PARENT_ID, TITLE, SUB_TITLE, URL, STATUS_ID, ORDER_NUMBER, ICON, DISABLED, IS_NAVIGABLE)
    VALUES(35,34, 'CONTRIBUTIONS BY AGE', 'PROF130','contributions-by-age', 1, 2, '', 0, 1);

    INSERT INTO NAVIGATION(ID,PARENT_ID, TITLE, SUB_TITLE, URL, STATUS_ID, ORDER_NUMBER, ICON, DISABLED, IS_NAVIGABLE)
    VALUES(37,34, 'FORFEITURES BY AGE', 'PROF130','forfeitures-by-age', 1, 3, '', 0, 1);

    INSERT INTO NAVIGATION(ID,PARENT_ID, TITLE, SUB_TITLE, URL, STATUS_ID, ORDER_NUMBER, ICON, DISABLED, IS_NAVIGABLE)
    VALUES(38,34, 'BALANCE BY AGE', 'PROF130B','balance-by-age', 1, 4, '', 0, 1);

    INSERT INTO NAVIGATION(ID,PARENT_ID, TITLE, SUB_TITLE, URL, STATUS_ID, ORDER_NUMBER, ICON, DISABLED, IS_NAVIGABLE)
    VALUES(39,34, 'VESTED AMOUNTS BY AGE', 'PROF130V','vested-amounts-by-age', 1, 5, '', 0, 1);

    INSERT INTO NAVIGATION(ID,PARENT_ID, TITLE, SUB_TITLE, URL, STATUS_ID, ORDER_NUMBER, ICON, DISABLED, IS_NAVIGABLE)
    VALUES(40,34, 'BALANCE BY YEARS', 'PROF130Y','balance-by-years', 1, 6, '', 0, 1);

--sub values of Profit Share by Store - updated per requirements
-- Under-21 Report container for Profit Share by Store
    INSERT INTO NAVIGATION(ID,PARENT_ID, TITLE, SUB_TITLE, URL, STATUS_ID, ORDER_NUMBER, ICON, DISABLED, IS_NAVIGABLE)
    VALUES(71,42, 'Under-21 Report', '','under-21-report', 1, 1, '', 0, 1);

    INSERT INTO NAVIGATION(ID,PARENT_ID, TITLE, SUB_TITLE, URL, STATUS_ID, ORDER_NUMBER, ICON, DISABLED, IS_NAVIGABLE)
    VALUES(43,71, 'QPAY066-UNDR21', '','qpay066-under21', 1, 1, '', 0, 1);

    INSERT INTO NAVIGATION(ID,PARENT_ID, TITLE, SUB_TITLE, URL, STATUS_ID, ORDER_NUMBER, ICON, DISABLED, IS_NAVIGABLE)
    VALUES(44,71, 'QPAY066TA-UNDR21', '','qpay066ta-under21', 1, 2, '', 0, 1);

-- QPAY066B (child of Prof Share by Store)
    INSERT INTO NAVIGATION(ID,PARENT_ID, TITLE, SUB_TITLE, URL, STATUS_ID, ORDER_NUMBER, ICON, DISABLED, IS_NAVIGABLE)
    VALUES(72,42, 'QPAY066B', '','qpay066b', 1, 7, '', 0, 1);

    INSERT INTO NAVIGATION(ID,PARENT_ID, TITLE, SUB_TITLE, URL, STATUS_ID, ORDER_NUMBER, ICON, DISABLED, IS_NAVIGABLE)
    VALUES(45,42, 'QPAY066TA', '','qpay066ta', 1, 3, '', 0, 1);

    INSERT INTO NAVIGATION(ID,PARENT_ID, TITLE, SUB_TITLE, URL, STATUS_ID, ORDER_NUMBER, ICON, DISABLED, IS_NAVIGABLE)
    VALUES(47,42, 'QNEWPROFLBL', '','new-ps-labels', 1, 4, '', 0, 1);

    INSERT INTO NAVIGATION(ID,PARENT_ID, TITLE, SUB_TITLE, URL, STATUS_ID, ORDER_NUMBER, ICON, DISABLED, IS_NAVIGABLE)
    VALUES(48,42, 'PROFNEW', '','profnew', 1, 5, '', 0, 1);

    INSERT INTO NAVIGATION(ID,PARENT_ID, TITLE, SUB_TITLE, URL, STATUS_ID, ORDER_NUMBER, ICON, DISABLED, IS_NAVIGABLE)
    VALUES(46,42, 'PROFALL', '','profall', 1, 6, '', 0, 1);

-- Inserting value for IT Operation for role management
--  NOTE: IT-DevOps navigation should be accessible only to members of the IT-DevOps role (role id 6).
--  Remove other role assignments so the IT menu is exclusive to IT-DevOps.
    INSERT INTO NAVIGATION_ASSIGNED_ROLES(NAVIGATIONID, REQUIREDROLESID) VALUES (56,6 ); -- IT-DevOps

-- Assign roles for INQUIRIES (Master Inquiry endpoints -> CanRunMasterInquiry)
    INSERT INTO NAVIGATION_ASSIGNED_ROLES(NAVIGATIONID, REQUIREDROLESID) VALUES (50,1 ); -- System-Administrator
    INSERT INTO NAVIGATION_ASSIGNED_ROLES(NAVIGATIONID, REQUIREDROLESID) VALUES (50,2 ); -- Finance-Manager
    INSERT INTO NAVIGATION_ASSIGNED_ROLES(NAVIGATIONID, REQUIREDROLESID) VALUES (50,3 ); -- Distributions-Clerk

-- Assign roles for YEAR END (YearEndGroup -> CanViewYearEndReports)
    INSERT INTO NAVIGATION_ASSIGNED_ROLES(NAVIGATIONID, REQUIREDROLESID) VALUES (55,1 ); -- System-Administrator
    INSERT INTO NAVIGATION_ASSIGNED_ROLES(NAVIGATIONID, REQUIREDROLESID) VALUES (55,2 ); -- Finance-Manager

-- Assign roles for BENEFICIARIES (BeneficiariesGroup -> CanMaintainBeneficiaries)
    INSERT INTO NAVIGATION_ASSIGNED_ROLES(NAVIGATIONID, REQUIREDROLESID) VALUES (52,3 ); -- Distributions-Clerk
    INSERT INTO NAVIGATION_ASSIGNED_ROLES(NAVIGATIONID, REQUIREDROLESID) VALUES (52,4 ); -- Hardship-Administrator

-- Assign roles for MASTER INQUIRY (Endpoints base -> Navigation.Constants.MasterInquiry; Policy -> CanRunMasterInquiry)
    INSERT INTO NAVIGATION_ASSIGNED_ROLES(NAVIGATIONID, REQUIREDROLESID) VALUES (51,1 ); -- System-Administrator
    INSERT INTO NAVIGATION_ASSIGNED_ROLES(NAVIGATIONID, REQUIREDROLESID) VALUES (51,2 ); -- Finance-Manager
    INSERT INTO NAVIGATION_ASSIGNED_ROLES(NAVIGATIONID, REQUIREDROLESID) VALUES (51,3 ); -- Distributions-Clerk

-- Assign roles for IT OPERATIONS -> Demographic Freeze (Policy -> CAN_FREEZE_DEMOGRAPHICS)
    INSERT INTO NAVIGATION_ASSIGNED_ROLES(NAVIGATIONID, REQUIREDROLESID) VALUES (57,6 ); -- IT-DevOps

-- Assign roles for YEAR END endpoints (Groups -> YearEndGroup/Policies -> CanViewYearEndReports/CanRunYearEndProcesses)
-- Containers and December Activities
    INSERT INTO NAVIGATION_ASSIGNED_ROLES(NAVIGATIONID, REQUIREDROLESID) VALUES (1,1 );  -- System-Administrator
    INSERT INTO NAVIGATION_ASSIGNED_ROLES(NAVIGATIONID, REQUIREDROLESID) VALUES (1,2 );  -- Finance-Manager
    INSERT INTO NAVIGATION_ASSIGNED_ROLES(NAVIGATIONID, REQUIREDROLESID) VALUES (2,1 );
    INSERT INTO NAVIGATION_ASSIGNED_ROLES(NAVIGATIONID, REQUIREDROLESID) VALUES (2,2 );
    INSERT INTO NAVIGATION_ASSIGNED_ROLES(NAVIGATIONID, REQUIREDROLESID) VALUES (3,1 );
    INSERT INTO NAVIGATION_ASSIGNED_ROLES(NAVIGATIONID, REQUIREDROLESID) VALUES (3,2 );
    INSERT INTO NAVIGATION_ASSIGNED_ROLES(NAVIGATIONID, REQUIREDROLESID) VALUES (4,1 );
    INSERT INTO NAVIGATION_ASSIGNED_ROLES(NAVIGATIONID, REQUIREDROLESID) VALUES (4,2 );
    INSERT INTO NAVIGATION_ASSIGNED_ROLES(NAVIGATIONID, REQUIREDROLESID) VALUES (5,1 );
    INSERT INTO NAVIGATION_ASSIGNED_ROLES(NAVIGATIONID, REQUIREDROLESID) VALUES (5,2 );
    INSERT INTO NAVIGATION_ASSIGNED_ROLES(NAVIGATIONID, REQUIREDROLESID) VALUES (6,1 );
    INSERT INTO NAVIGATION_ASSIGNED_ROLES(NAVIGATIONID, REQUIREDROLESID) VALUES (6,2 );
    INSERT INTO NAVIGATION_ASSIGNED_ROLES(NAVIGATIONID, REQUIREDROLESID) VALUES (7,1 );
    INSERT INTO NAVIGATION_ASSIGNED_ROLES(NAVIGATIONID, REQUIREDROLESID) VALUES (7,2 );
    -- Removed NAVIGATION_ASSIGNED_ROLES for NAVIGATIONID 69
    INSERT INTO NAVIGATION_ASSIGNED_ROLES(NAVIGATIONID, REQUIREDROLESID) VALUES (8,1 );
    INSERT INTO NAVIGATION_ASSIGNED_ROLES(NAVIGATIONID, REQUIREDROLESID) VALUES (8,2 );
    INSERT INTO NAVIGATION_ASSIGNED_ROLES(NAVIGATIONID, REQUIREDROLESID) VALUES (9,1 );
    INSERT INTO NAVIGATION_ASSIGNED_ROLES(NAVIGATIONID, REQUIREDROLESID) VALUES (9,2 );
    INSERT INTO NAVIGATION_ASSIGNED_ROLES(NAVIGATIONID, REQUIREDROLESID) VALUES (10,1 );
    INSERT INTO NAVIGATION_ASSIGNED_ROLES(NAVIGATIONID, REQUIREDROLESID) VALUES (10,2 );
    INSERT INTO NAVIGATION_ASSIGNED_ROLES(NAVIGATIONID, REQUIREDROLESID) VALUES (11,1 );
    INSERT INTO NAVIGATION_ASSIGNED_ROLES(NAVIGATIONID, REQUIREDROLESID) VALUES (11,2 );
    INSERT INTO NAVIGATION_ASSIGNED_ROLES(NAVIGATIONID, REQUIREDROLESID) VALUES (13,1 );
    INSERT INTO NAVIGATION_ASSIGNED_ROLES(NAVIGATIONID, REQUIREDROLESID) VALUES (13,2 );

-- Fiscal Close and children
    INSERT INTO NAVIGATION_ASSIGNED_ROLES(NAVIGATIONID, REQUIREDROLESID) VALUES (14,1 );
    INSERT INTO NAVIGATION_ASSIGNED_ROLES(NAVIGATIONID, REQUIREDROLESID) VALUES (14,2 );
    INSERT INTO NAVIGATION_ASSIGNED_ROLES(NAVIGATIONID, REQUIREDROLESID) VALUES (15,1 );
    INSERT INTO NAVIGATION_ASSIGNED_ROLES(NAVIGATIONID, REQUIREDROLESID) VALUES (15,2 );
    INSERT INTO NAVIGATION_ASSIGNED_ROLES(NAVIGATIONID, REQUIREDROLESID) VALUES (16,1 );
    INSERT INTO NAVIGATION_ASSIGNED_ROLES(NAVIGATIONID, REQUIREDROLESID) VALUES (16,2 );
    INSERT INTO NAVIGATION_ASSIGNED_ROLES(NAVIGATIONID, REQUIREDROLESID) VALUES (18,1 );
    INSERT INTO NAVIGATION_ASSIGNED_ROLES(NAVIGATIONID, REQUIREDROLESID) VALUES (18,2 );
    INSERT INTO NAVIGATION_ASSIGNED_ROLES(NAVIGATIONID, REQUIREDROLESID) VALUES (30,1 );
    INSERT INTO NAVIGATION_ASSIGNED_ROLES(NAVIGATIONID, REQUIREDROLESID) VALUES (30,2 );
    INSERT INTO NAVIGATION_ASSIGNED_ROLES(NAVIGATIONID, REQUIREDROLESID) VALUES (31,1 );
    INSERT INTO NAVIGATION_ASSIGNED_ROLES(NAVIGATIONID, REQUIREDROLESID) VALUES (31,2 );
    -- Removed role assignments for Paymaster Update (ID 33)
    INSERT INTO NAVIGATION_ASSIGNED_ROLES(NAVIGATIONID, REQUIREDROLESID) VALUES (34,1 );
    INSERT INTO NAVIGATION_ASSIGNED_ROLES(NAVIGATIONID, REQUIREDROLESID) VALUES (34,2 );
    INSERT INTO NAVIGATION_ASSIGNED_ROLES(NAVIGATIONID, REQUIREDROLESID) VALUES (35,1 );
    INSERT INTO NAVIGATION_ASSIGNED_ROLES(NAVIGATIONID, REQUIREDROLESID) VALUES (35,2 );
    INSERT INTO NAVIGATION_ASSIGNED_ROLES(NAVIGATIONID, REQUIREDROLESID) VALUES (36,1 );
    INSERT INTO NAVIGATION_ASSIGNED_ROLES(NAVIGATIONID, REQUIREDROLESID) VALUES (36,2 );
    INSERT INTO NAVIGATION_ASSIGNED_ROLES(NAVIGATIONID, REQUIREDROLESID) VALUES (37,1 );
    INSERT INTO NAVIGATION_ASSIGNED_ROLES(NAVIGATIONID, REQUIREDROLESID) VALUES (37,2 );
    INSERT INTO NAVIGATION_ASSIGNED_ROLES(NAVIGATIONID, REQUIREDROLESID) VALUES (38,1 );
    INSERT INTO NAVIGATION_ASSIGNED_ROLES(NAVIGATIONID, REQUIREDROLESID) VALUES (38,2 );
    INSERT INTO NAVIGATION_ASSIGNED_ROLES(NAVIGATIONID, REQUIREDROLESID) VALUES (39,1 );
    INSERT INTO NAVIGATION_ASSIGNED_ROLES(NAVIGATIONID, REQUIREDROLESID) VALUES (39,2 );
    INSERT INTO NAVIGATION_ASSIGNED_ROLES(NAVIGATIONID, REQUIREDROLESID) VALUES (40,1 );
    INSERT INTO NAVIGATION_ASSIGNED_ROLES(NAVIGATIONID, REQUIREDROLESID) VALUES (40,2 );
    INSERT INTO NAVIGATION_ASSIGNED_ROLES(NAVIGATIONID, REQUIREDROLESID) VALUES (41,1 );
    INSERT INTO NAVIGATION_ASSIGNED_ROLES(NAVIGATIONID, REQUIREDROLESID) VALUES (41,2 );
    INSERT INTO NAVIGATION_ASSIGNED_ROLES(NAVIGATIONID, REQUIREDROLESID) VALUES (42,1 );
    INSERT INTO NAVIGATION_ASSIGNED_ROLES(NAVIGATIONID, REQUIREDROLESID) VALUES (42,2 );
    INSERT INTO NAVIGATION_ASSIGNED_ROLES(NAVIGATIONID, REQUIREDROLESID) VALUES (43,1 );
    INSERT INTO NAVIGATION_ASSIGNED_ROLES(NAVIGATIONID, REQUIREDROLESID) VALUES (43,2 );
    INSERT INTO NAVIGATION_ASSIGNED_ROLES(NAVIGATIONID, REQUIREDROLESID) VALUES (44,1 );
    INSERT INTO NAVIGATION_ASSIGNED_ROLES(NAVIGATIONID, REQUIREDROLESID) VALUES (44,2 );
    INSERT INTO NAVIGATION_ASSIGNED_ROLES(NAVIGATIONID, REQUIREDROLESID) VALUES (71,1 );
    INSERT INTO NAVIGATION_ASSIGNED_ROLES(NAVIGATIONID, REQUIREDROLESID) VALUES (71,2 );
    INSERT INTO NAVIGATION_ASSIGNED_ROLES(NAVIGATIONID, REQUIREDROLESID) VALUES (72,1 );
    INSERT INTO NAVIGATION_ASSIGNED_ROLES(NAVIGATIONID, REQUIREDROLESID) VALUES (72,2 );
    INSERT INTO NAVIGATION_ASSIGNED_ROLES(NAVIGATIONID, REQUIREDROLESID) VALUES (45,1 );
    INSERT INTO NAVIGATION_ASSIGNED_ROLES(NAVIGATIONID, REQUIREDROLESID) VALUES (45,2 );
    INSERT INTO NAVIGATION_ASSIGNED_ROLES(NAVIGATIONID, REQUIREDROLESID) VALUES (46,1 );
    INSERT INTO NAVIGATION_ASSIGNED_ROLES(NAVIGATIONID, REQUIREDROLESID) VALUES (46,2 );
    INSERT INTO NAVIGATION_ASSIGNED_ROLES(NAVIGATIONID, REQUIREDROLESID) VALUES (47,1 );
    INSERT INTO NAVIGATION_ASSIGNED_ROLES(NAVIGATIONID, REQUIREDROLESID) VALUES (47,2 );
    INSERT INTO NAVIGATION_ASSIGNED_ROLES(NAVIGATIONID, REQUIREDROLESID) VALUES (48,1 );
    INSERT INTO NAVIGATION_ASSIGNED_ROLES(NAVIGATIONID, REQUIREDROLESID) VALUES (48,2 );
    INSERT INTO NAVIGATION_ASSIGNED_ROLES(NAVIGATIONID, REQUIREDROLESID) VALUES (49,1 );
    INSERT INTO NAVIGATION_ASSIGNED_ROLES(NAVIGATIONID, REQUIREDROLESID) VALUES (49,2 );
    INSERT INTO NAVIGATION_ASSIGNED_ROLES(NAVIGATIONID, REQUIREDROLESID) VALUES (60,1 );
    INSERT INTO NAVIGATION_ASSIGNED_ROLES(NAVIGATIONID, REQUIREDROLESID) VALUES (60,2 );
    INSERT INTO NAVIGATION_ASSIGNED_ROLES(NAVIGATIONID, REQUIREDROLESID) VALUES (62,1 );
    INSERT INTO NAVIGATION_ASSIGNED_ROLES(NAVIGATIONID, REQUIREDROLESID) VALUES (62,2 );
    INSERT INTO NAVIGATION_ASSIGNED_ROLES(NAVIGATIONID, REQUIREDROLESID) VALUES (63,1 );
    INSERT INTO NAVIGATION_ASSIGNED_ROLES(NAVIGATIONID, REQUIREDROLESID) VALUES (63,2 );
    INSERT INTO NAVIGATION_ASSIGNED_ROLES(NAVIGATIONID, REQUIREDROLESID) VALUES (64,1 );
    INSERT INTO NAVIGATION_ASSIGNED_ROLES(NAVIGATIONID, REQUIREDROLESID) VALUES (64,2 );
    INSERT INTO NAVIGATION_ASSIGNED_ROLES(NAVIGATIONID, REQUIREDROLESID) VALUES (65,1 );
    INSERT INTO NAVIGATION_ASSIGNED_ROLES(NAVIGATIONID, REQUIREDROLESID) VALUES (65,2 );
    INSERT INTO NAVIGATION_ASSIGNED_ROLES(NAVIGATIONID, REQUIREDROLESID) VALUES (66,1 );
    INSERT INTO NAVIGATION_ASSIGNED_ROLES(NAVIGATIONID, REQUIREDROLESID) VALUES (66,2 );
    INSERT INTO NAVIGATION_ASSIGNED_ROLES(NAVIGATIONID, REQUIREDROLESID) VALUES (67,1 );
    INSERT INTO NAVIGATION_ASSIGNED_ROLES(NAVIGATIONID, REQUIREDROLESID) VALUES (67,2 );
    INSERT INTO NAVIGATION_ASSIGNED_ROLES(NAVIGATIONID, REQUIREDROLESID) VALUES (68,1 );
    INSERT INTO NAVIGATION_ASSIGNED_ROLES(NAVIGATIONID, REQUIREDROLESID) VALUES (68,2 );
    INSERT INTO NAVIGATION_ASSIGNED_ROLES(NAVIGATIONID, REQUIREDROLESID) VALUES (69,1 );
    INSERT INTO NAVIGATION_ASSIGNED_ROLES(NAVIGATIONID, REQUIREDROLESID) VALUES (69,2 );
    INSERT INTO NAVIGATION_ASSIGNED_ROLES(NAVIGATIONID, REQUIREDROLESID) VALUES (76,1 );
    INSERT INTO NAVIGATION_ASSIGNED_ROLES(NAVIGATIONID, REQUIREDROLESID) VALUES (76,2 );
    INSERT INTO NAVIGATION_ASSIGNED_ROLES(NAVIGATIONID, REQUIREDROLESID) VALUES (73,1 );
    INSERT INTO NAVIGATION_ASSIGNED_ROLES(NAVIGATIONID, REQUIREDROLESID) VALUES (73,2 );
    INSERT INTO NAVIGATION_ASSIGNED_ROLES(NAVIGATIONID, REQUIREDROLESID) VALUES (74,1 );
    INSERT INTO NAVIGATION_ASSIGNED_ROLES(NAVIGATIONID, REQUIREDROLESID) VALUES (74,2 );
    INSERT INTO NAVIGATION_ASSIGNED_ROLES(NAVIGATIONID, REQUIREDROLESID) VALUES (77,1 );
    INSERT INTO NAVIGATION_ASSIGNED_ROLES(NAVIGATIONID, REQUIREDROLESID) VALUES (77,2 );
    INSERT INTO NAVIGATION_ASSIGNED_ROLES(NAVIGATIONID, REQUIREDROLESID) VALUES (78,1 );
    INSERT INTO NAVIGATION_ASSIGNED_ROLES(NAVIGATIONID, REQUIREDROLESID) VALUES (78,2 );


    -- Ensure IT-DevOps (role id 6) is assigned to all navigation items
-- (skip 56 and 57 which already have IT-DevOps assigned above)
    INSERT INTO NAVIGATION_ASSIGNED_ROLES(NAVIGATIONID, REQUIREDROLESID) VALUES (50,6 );
    INSERT INTO NAVIGATION_ASSIGNED_ROLES(NAVIGATIONID, REQUIREDROLESID) VALUES (51,6 );
    INSERT INTO NAVIGATION_ASSIGNED_ROLES(NAVIGATIONID, REQUIREDROLESID) VALUES (52,6 );
    INSERT INTO NAVIGATION_ASSIGNED_ROLES(NAVIGATIONID, REQUIREDROLESID) VALUES (53,6 );
    INSERT INTO NAVIGATION_ASSIGNED_ROLES(NAVIGATIONID, REQUIREDROLESID) VALUES (54,6 );
    INSERT INTO NAVIGATION_ASSIGNED_ROLES(NAVIGATIONID, REQUIREDROLESID) VALUES (55,6 );
    INSERT INTO NAVIGATION_ASSIGNED_ROLES(NAVIGATIONID, REQUIREDROLESID) VALUES (1,6 );
    INSERT INTO NAVIGATION_ASSIGNED_ROLES(NAVIGATIONID, REQUIREDROLESID) VALUES (2,6 );
    INSERT INTO NAVIGATION_ASSIGNED_ROLES(NAVIGATIONID, REQUIREDROLESID) VALUES (3,6 );
    INSERT INTO NAVIGATION_ASSIGNED_ROLES(NAVIGATIONID, REQUIREDROLESID) VALUES (4,6 );
    INSERT INTO NAVIGATION_ASSIGNED_ROLES(NAVIGATIONID, REQUIREDROLESID) VALUES (5,6 );
    INSERT INTO NAVIGATION_ASSIGNED_ROLES(NAVIGATIONID, REQUIREDROLESID) VALUES (6,6 );
    INSERT INTO NAVIGATION_ASSIGNED_ROLES(NAVIGATIONID, REQUIREDROLESID) VALUES (7,6 );
    INSERT INTO NAVIGATION_ASSIGNED_ROLES(NAVIGATIONID, REQUIREDROLESID) VALUES (8,6 );
    INSERT INTO NAVIGATION_ASSIGNED_ROLES(NAVIGATIONID, REQUIREDROLESID) VALUES (9,6 );
    INSERT INTO NAVIGATION_ASSIGNED_ROLES(NAVIGATIONID, REQUIREDROLESID) VALUES (10,6 );
    INSERT INTO NAVIGATION_ASSIGNED_ROLES(NAVIGATIONID, REQUIREDROLESID) VALUES (11,6 );
    INSERT INTO NAVIGATION_ASSIGNED_ROLES(NAVIGATIONID, REQUIREDROLESID) VALUES (13,6 );
    INSERT INTO NAVIGATION_ASSIGNED_ROLES(NAVIGATIONID, REQUIREDROLESID) VALUES (14,6 );
    INSERT INTO NAVIGATION_ASSIGNED_ROLES(NAVIGATIONID, REQUIREDROLESID) VALUES (15,6 );
    INSERT INTO NAVIGATION_ASSIGNED_ROLES(NAVIGATIONID, REQUIREDROLESID) VALUES (16,6 );
    INSERT INTO NAVIGATION_ASSIGNED_ROLES(NAVIGATIONID, REQUIREDROLESID) VALUES (18,6 );
    INSERT INTO NAVIGATION_ASSIGNED_ROLES(NAVIGATIONID, REQUIREDROLESID) VALUES (65,6 );
    INSERT INTO NAVIGATION_ASSIGNED_ROLES(NAVIGATIONID, REQUIREDROLESID) VALUES (66,6 );
    INSERT INTO NAVIGATION_ASSIGNED_ROLES(NAVIGATIONID, REQUIREDROLESID) VALUES (30,6 );
    INSERT INTO NAVIGATION_ASSIGNED_ROLES(NAVIGATIONID, REQUIREDROLESID) VALUES (31,6 );
    INSERT INTO NAVIGATION_ASSIGNED_ROLES(NAVIGATIONID, REQUIREDROLESID) VALUES (60,6 );
    INSERT INTO NAVIGATION_ASSIGNED_ROLES(NAVIGATIONID, REQUIREDROLESID) VALUES (62,6 );
    -- Removed IT-DevOps role assignment for Paymaster Update (ID 33)
    INSERT INTO NAVIGATION_ASSIGNED_ROLES(NAVIGATIONID, REQUIREDROLESID) VALUES (64,6 );
    INSERT INTO NAVIGATION_ASSIGNED_ROLES(NAVIGATIONID, REQUIREDROLESID) VALUES (34,6 );
    INSERT INTO NAVIGATION_ASSIGNED_ROLES(NAVIGATIONID, REQUIREDROLESID) VALUES (41,6 );
    INSERT INTO NAVIGATION_ASSIGNED_ROLES(NAVIGATIONID, REQUIREDROLESID) VALUES (42,6 );
    INSERT INTO NAVIGATION_ASSIGNED_ROLES(NAVIGATIONID, REQUIREDROLESID) VALUES (49,6 );
    INSERT INTO NAVIGATION_ASSIGNED_ROLES(NAVIGATIONID, REQUIREDROLESID) VALUES (63,6 );
    INSERT INTO NAVIGATION_ASSIGNED_ROLES(NAVIGATIONID, REQUIREDROLESID) VALUES (36,6 );
    INSERT INTO NAVIGATION_ASSIGNED_ROLES(NAVIGATIONID, REQUIREDROLESID) VALUES (35,6 );
    INSERT INTO NAVIGATION_ASSIGNED_ROLES(NAVIGATIONID, REQUIREDROLESID) VALUES (37,6 );
    INSERT INTO NAVIGATION_ASSIGNED_ROLES(NAVIGATIONID, REQUIREDROLESID) VALUES (38,6 );
    INSERT INTO NAVIGATION_ASSIGNED_ROLES(NAVIGATIONID, REQUIREDROLESID) VALUES (39,6 );
    INSERT INTO NAVIGATION_ASSIGNED_ROLES(NAVIGATIONID, REQUIREDROLESID) VALUES (40,6 );
    INSERT INTO NAVIGATION_ASSIGNED_ROLES(NAVIGATIONID, REQUIREDROLESID) VALUES (43,6 );
    INSERT INTO NAVIGATION_ASSIGNED_ROLES(NAVIGATIONID, REQUIREDROLESID) VALUES (44,6 );
    INSERT INTO NAVIGATION_ASSIGNED_ROLES(NAVIGATIONID, REQUIREDROLESID) VALUES (45,6 );
    INSERT INTO NAVIGATION_ASSIGNED_ROLES(NAVIGATIONID, REQUIREDROLESID) VALUES (47,6 );
    INSERT INTO NAVIGATION_ASSIGNED_ROLES(NAVIGATIONID, REQUIREDROLESID) VALUES (48,6 );
    INSERT INTO NAVIGATION_ASSIGNED_ROLES(NAVIGATIONID, REQUIREDROLESID) VALUES (46,6 );
    INSERT INTO NAVIGATION_ASSIGNED_ROLES(NAVIGATIONID, REQUIREDROLESID) VALUES (67,6 );
    INSERT INTO NAVIGATION_ASSIGNED_ROLES(NAVIGATIONID, REQUIREDROLESID) VALUES (68,6 );
    -- Removed IT-DevOps assignment for NAVIGATIONID 69
    INSERT INTO NAVIGATION_ASSIGNED_ROLES(NAVIGATIONID, REQUIREDROLESID) VALUES (71,6 );
    INSERT INTO NAVIGATION_ASSIGNED_ROLES(NAVIGATIONID, REQUIREDROLESID) VALUES (73,6 );
    INSERT INTO NAVIGATION_ASSIGNED_ROLES(NAVIGATIONID, REQUIREDROLESID) VALUES (76,6 );


    -- Define prerequisites: Master Update (ID=60) depends on
--  - Manage Executive Hours (ID=15)
--  - Military Contributions (ID=7)
--  - Profit Share Report (PAY426) (ID=13)
--  - Unforfeit (ID=8)
--  - Forfeitures (ID=10)
    INSERT INTO NAVIGATION_PREREQUISITES (NAVIGATION_ID, PREREQUISITE_ID) VALUES (60, 15);
    INSERT INTO NAVIGATION_PREREQUISITES (NAVIGATION_ID, PREREQUISITE_ID) VALUES (60, 7);
    INSERT INTO NAVIGATION_PREREQUISITES (NAVIGATION_ID, PREREQUISITE_ID) VALUES (60, 13);
    INSERT INTO NAVIGATION_PREREQUISITES (NAVIGATION_ID, PREREQUISITE_ID) VALUES (60, 8);
    INSERT INTO NAVIGATION_PREREQUISITES (NAVIGATION_ID, PREREQUISITE_ID) VALUES (60, 10);

END;
COMMIT ;
